Target,RMSE,R²,MSE
Lift_N,25.776373858120422,0.9991482976594889,664.4214492735939
Drag_N,1.8127279446240259,0.9990912852493441,3.2859826012208457
L_to_D,0.499009865700396,0.9885263994577737,0.24901084606632726
